classs,flags2,id,level,name,slot,subclass,firstseenpatch,displayid,dmgrange,sellprice,popularity,bop,commondrop,reqclass,classes,reqlevel,cooldown,reqskill,reqskillrank,buyprice,contentPhase,avgbuyout,n,t,ti,z,sourcemore,icon,s,q,c,c2,arcsplpwr,firsplpwr,frosplpwr,holsplpwr,natsplpwr,shasplpwr,sheathtype,speed,reqspell,dd,dmgmax1,dmgmin1,dmgtype1,dps,bd,maxcount
7,8192,6374,20,7Enchanted Powder,0,12, 0,6371,1.00,125,4},0,,,,,,,,,,,,,,,,,,,,,,,,,,,,,,,,,,,,
7,8192,3777,28,8Lethargy Root,0,0, 0,6371,1.00,10,4,0,true,8,8,,,,,,,,,,,,,,,,,,,,,,,,,,,,,,,,,
7,8192,20423,1,7Sandy Scorpid Claw,0,11, 0,2627,1.00,,5,0,,,,1,,,,,,,,,,,,,,,,,,,,,,,,,,,,,,,,
7,8192,2929,12,7Tomb Rot,0,11, 0,7414,1.00,2,5,0,,8,8,,,,,,,,,,,,,,,,,,,,,,,,,,,,,,,,,
7,8192,6216,5,7Mystical Powder,0,12, 0,7414,1.00,6,7,0,,,,,,,,,,,,,,,,,,,,,,,,,,,,,,,,,,,,
7,8192,6987,10,7Fish Scale,0,0, 0,6628,1.00,13,7,0,,,,,,,,,,,,,,,,,,,,,,,,,,,,,,,,,,,,
7,8192,23055,1,7Word of Thawing,0,11, 0,1013,1.00,,8,0,,,,,,,,,,,,,,,,,,,,,,,,,,,,,,,,,,,,
7,8192,2693,30,7OLD Stormwind Seasoning Salts ,0,11, 0,1443,1.00,20,8,0,,,,,,,,,,,,,,,,,,,,,,,,,,,,,,,,,,,,
7,8192,2932,40,7Torment Vine,0,11, 0,7415,1.00,50,8,0,,8,8,,,,,,,,,,,,,,,,,,,,,,,,,,,,,,,,,
7,8192,10719,41,7Mobile Alarm,0,3, 0,16536,1.00,1500,9,0,,,,,60000,202,205,,,,,,,,,,,,,,,,,,,,,,,,,,,,,
7,8192,3861,45,7Blacksteel Bar,0,7, 0,7356,1.00,125,9,0,,,,,,,,,,,,,,,,,,,,,,,,,,,,,,,,,,,,
7,8192,4370,26,7Large Copper Bomb,0,2, 0,7624,1.00,175,10,0,,,,,60000,202,105,,,,,,,,,,,,,,,,,,,,,,,,,,,,,
7,8192,6715,33,7Ruined Jumper Cables,0,3, 0,7064,1.00,21,10,0,,,,,,,,,,,,,,,,,,,,,,,,,,,,,,,,,,,,
7,8192,17194,5,7Holiday Spices,0,0, 0,29164,1.00,,13,0,,,,,,,,,,,,,,,,,,,,,,,,,,,,,,,,,,,,
7,8192,18636,53,7Ruined Jumper Cables XL,0,3, 0,7064,1.00,100,14,0,,,,,,,,,,,,,,,,,,,,,,,,,,,,,,,,,,,,
7,8192,23567,1,7[PH] Silithus PvP Dust [DEP],0,11, 0,27454,1.00,,19,0,,,,1,,,,,,,,,,,,,,,,,,,,,,,,,,,,,,,,
7,8192,4341,25,7Yellow Dye,0,11, 0,6373,1.00,125,19,0,,,,,,,,500,,,,,,,,,,,,,,,,,,,,,,,,,,,,
7,8192,10580,43,7Goblin \Boom\ Box,0,2, 0,19504,1.00,750,19,0,,,,,,,215,,,,,,,,,,,,,,,,,,,,,,,,,,,,,
7,8192,20834,27,6Ornate Spyglass XT,0,3, 0,7365,1.00,600,21,0,,,,,,,,,,,,,,,,,,,,,,,,,,,,,,,,,,,,
7,8192,10290,50,7Pink Dye,0,11, 0,983,1.00,625,31,0,,,,,,,,2500,,,,,,,,,,,,,,,,,,,,,,,,,,,,
7,8192,19768,60,7Primal Tiger Leather,0,6, 0,32230,1.00,2000,38,0,,,,,,,,,4,,,,,,,,,,,,,,,,,,,,,,,,,,,
7,8192,878,20,8Fist-sized Spinneret,0,0, 0,9200,1.00,56,42,0,true,,,,,,,,,,,,,,,,,,,,,,,,,,,,,,,,,,,
7,8192,11099,55,7Dark Iron Ore,0,7, 0,4691,1.00,250,47,0,,,,,,,,,,,,,,,,,,,,,,,,,,,,,,,,,,,,
7,8192,17716,38,7SnowMaster 9000,0,3, 0,29895,1.00,7500,52,0,,,,,86400000,202,190,,,,,,,,,,,,,,,,,,,,,,,,,,,,,
7,8192,4358,10,7Rough Dynamite,0,2, 0,18062,1.00,30,53,0,,,,,60000,202,1,,,27,,,,,,,,,,,,,,,,,,,,,,,,,,
7,8192,22728,55,7Steam Tonk Controller,0,3, 0,35133,1.00,5000,61,0,,,,,,,,,,,,,,,,,,,,,,,,,,,,,,,,,,,,
,,,,,,2, 0,18062,1.00,350,63,0,,,,,60000,202,125,1400,,105,Dark Iron Entrepreneur,1,3180,11}],,,,,,,,,,,,,,,,,,,,,,
7,8192,4378,30,7Heavy Dynamite,0,,,,,,,0,,,,,,,,,,,Heavy Dynamite,6,3946,,[c,inv_misc_bomb_06,202,,,,,,,,,,,,,,,,,,,
7,8192,4374,29,7Small Bronze Bomb,0,2, 0,25483,1.00,200,64,0,,,,,60000,202,120,,,150,,,,,,,,,,,,,,,,,,,,,,,,,,
7,8192,4386,31,7Ice Deflector,0,3, 0,7841,1.00,175,78,0,,,,21,900000,,,,,,,,,,,,,,,,,,,,,,,,,,,,,,,
7,8192,4365,20,7Coarse Dynamite,0,2, 0,18062,1.00,75,79,0,,,,,60000,202,75,,,27,,,,,,,,,,,,,,,,,,,,,,,,,,
7,8192,11590,40,7Mechanical Repair Kit,0,3, 0,7842,1.00,250,80,0,,,,,120000,202,200,,,,,,,,,,,,,,,,,,,,,,,,,,,,,
,,,,,,2, 0,7889,1.00,750,95,0,,,,,60000,202,205,,,6899,Goblin Engineer's Renewal Gift,3,11422}],,,inv_misc_gift_04,,1,,,,,,,,,,,,,,,,,,
7,8192,10514,43,7Mithril Frag Bomb,0,,,,,,,0,,,,,,,,,,,Mithril Frag Bomb,6,12603,,[c,inv_misc_bomb_02,202,,,,,,,,,,,,,,,,,,,
7,8192,4403,33,7Portable Bronze Mortar,0,3, 0,7397,1.00,2000,96,0,,,,,60000,202,165,,,,,,,,,,,,,,,,,,,,,,,,,,,,,
7,8192,19943,60,7Massive Mojo,0,11, 0,32427,1.00,2000,102,0,,,,,,,,,,,,,,,,,,,,,,,,,,,,,,,,,,,,
7,8192,19767,60,7Primal Bat Leather,0,6, 0,26371,1.00,2000,103,0,,,,,,,,,4,,,,,,,,,,,,,,,,,,,,,,,,,,,
7,8192,4360,14,7Rough Copper Bomb,0,2, 0,25483,1.00,60,116,0,,,,,60000,202,30,,,49,,,,,,,,,,,,,,,,,,,,,,,,,,
7,8192,15996,53,7Lifelike Mechanical Toad,0,3, 0,26612,1.00,2500,119,0,,,,,,,,,,,,,,,,,,,,,,,,,,,,,,,,,,,,
7,8192,5467,10,7Kodo Meat,0,8, 0,6680,1.00,7,121,0,,,,,,,,,,70,,,,,,,,,,,,,,,,,,,,,,,,,,
7,8192,4380,33,7Big Bronze Bomb,0,2, 0,7626,1.00,500,122,0,,,,,60000,202,140,,,214,,,,,,,,,,,,,,,,,,,,,,,,,,
7,8192,4401,15,7Mechanical Squirrel Box,0,3, 0,16536,1.00,100,135,0,,,,,,,,,,925,,,,,,,,,,,,,,,,,,,,,,,,,,
7,8192,3466,25,7Strong Flux,0,11, 0,7408,1.00,500,146,0,,,,,,,,2000,,8788,,,,,,,,,,,,,,,,,,,,,,,,,,
7,8192,5468,15,7Soft Frenzy Flesh,0,8, 0,7988,1.00,12,151,0,,,,,,,,,,199,,,,,,,,,,,,,,,,,,,,,,,,,,
7,8192,4376,25,7Flame Deflector,0,3, 0,7841,1.00,200,152,0,,,,15,900000,,,,,,,,,,,,,,,,,,,,,,,,,,,,,,,
7,8192,6260,10,7Blue Dye,0,11, 0,1656,1.00,12,156,0,,,,,,,,50,,37,,,,,,,,,,,,,,,,,,,,,,,,,,
7,8192,11138,30,5Small Glowing Shard,0,0, 0,20799,1.00,,160,0,,,,,,,,,,280,,,,,,,,,,,,,,,,,,,,,,,,,,
7,8192,22202,1,7Small Obsidian Shard,0,7, 0,34543,1.00,2500,170,0,,,,,,,,,5,,,,,,,,,,,,,,,,,,,,,,,,,,,
7,8192,6317,15,7Raw Loch Frenzy,0,8, 0,4813,1.00,2,171,0,,,,5,1000,,,,,10,,,,,,,,,,,,,,,,,,,,,,,,,,
7,8192,2324,5,7Bleach,0,11, 0,18114,1.00,6,174,0,,,,,,,,25,,970,,,,,,,,,,,,,,,,,,,,,,,,,,
7,8192,4400,25,7Heavy Stock,0,1, 0,7375,1.00,500,174,0,,,,,,,,2000,,76,,,,,,,,,,,,,,,,,,,,,,,,,,
7,8192,6261,35,7Orange Dye,0,11, 0,15736,1.00,250,181,0,,,,,,,,1000,,,,,,,,,,,,,,,,,,,,,,,,,,,,
7,8192,18645,53,7Gnomish Alarm-O-Bot,0,3, 0,31202,1.00,1500,191,0,,,,,600000,202,265,,,,,,,,,,,,,,,,,,,,,,,,,,,,,
7,8192,2604,10,7Red Dye,0,11, 0,7349,1.00,12,194,0,,,,,,,,50,,498,,,,,,,,,,,,,,,,,,,,,,,,,,
,,,,,,11, 0,26552,1.00,,203,0,,,,,,,,,,,Clam Bait,5,6142}],,,,,,405,1,,,,,,,,,,,,,,,,
7,8192,15874,1,7Soft-shelled Clam,0,,,,,,,0,,,,31,,,,,,,,,,,[z,,,,,,,,,,,,,,,,,,,,,
7,8192,19774,50,6Souldarite,0,0, 0,22652,1.00,5000,206,0,,,,,,,,,4,,,,,,,,,,,,,,,,,,,,,,,,,,,
7,8192,11084,25,5Large Glimmering Shard,0,0, 0,20615,1.00,,215,0,,,,,,,,,,655,,,,,,,,,,,,,,,,,,,,,,,,,,
7,8192,12223,5,7Meaty Bat Wing,0,8, 0,6704,1.00,4,216,0,,,,,,,,,,79,,,,,,,,,,,,,,,,,,,,,,,,,,
7,8192,18588,40,7Ez-Thro Dynamite II,0,2, 0,18063,1.00,200,220,0,,,,30,60000,,,,,2449,,,,,,,,,,,,,,,,,,,,,,,,,,
7,8192,12204,35,7Heavy Kodo Meat,0,8, 0,25472,1.00,112,226,0,,,,,,,,,,438,,,,,,,,,,,,,,,,,,,,,,,,,,
7,8192,2886,5,7Crag Boar Rib,0,8, 0,2904,1.00,5,229,0,,,,,,,,,,19,,,,,,,,,,,,,,,,,,,,,,,,,,
7,8192,731,12,7Goretusk Snout,0,8, 0,8802,1.00,27,229,0,,,,,,,,,,29,,,,,,,,,,,,,,,,,,,,,,,,,,
7,8192,11139,35,5Large Glowing Shard,0,0, 0,20800,1.00,,233,0,,,,,,,,,,1082,,,,,,,,,,,,,,,,,,,,,,,,,,
7,8192,17968,60,5Charged Scale of Onyxia,0,11, 0,20914,1.00,5000,233,0,,,,,,,,,,,,,,,,,,,,,,,,,,,,,,,,,,,,
7,8192,2930,22,7Essence of Pain,0,0, 0,6400,1.00,12,236,0,,8,8,,,,,50,,,,,,,,,,,,,,,,,,,,,,,,,,,,
7,8192,723,12,7Goretusk Liver,0,8, 0,7369,1.00,15,239,0,,,,,,,,,,101,,,,,,,,,,,,,,,,,,,,,,,,,,
7,8192,2924,14,7Crocolisk Meat,0,8, 0,6350,1.00,16,261,0,,,,,,,,,,85,,,,,,,,,,,,,,,,,,,,,,,,,,
7,8192,4340,25,7Gray Dye,0,11, 0,18079,1.00,87,267,0,,,,,,,,350,,261,,,,,,,,,,,,,,,,,,,,,,,,,,
7,8192,20381,63,6Dreamscale,0,6, 0,21363,1.00,5000,269,0,,,,,,,,,4,,,,,,,,,,,,,,,,,,,,,,,,,,,
7,8192,17967,60,5Refined Scale of Onyxia,0,6, 0,20914,1.00,5000,270,0,,,,,,,,,,,,,,,,,,,,,,,,,,,,,,,,,,,,
7,8192,8923,50,7Essence of Agony,0,0, 0,1288,1.00,50,276,0,,8,8,,,,,200,,175,,,,,,,,,,,,,,,,,,,,,,,,,,
7,8192,8169,40,7Thick Hide,0,6, 0,8952,1.00,500,282,0,,,,,,,,,,496,,,,,,,,,,,,,,,,,,,,,,,,,,
7,8192,5507,27,7Ornate Spyglass,0,3, 0,7365,1.00,600,286,0,,,,,,,,,,2000,,,,,,,,,,,,,,,,,,,,,,,,,,
7,8192,18256,55,7Imbued Vial,0,11, 0,18077,1.00,1500,294,0,,,,,,,,30000,,,,,,,,,,,,,,,,,,,,,,,,,,,,
7,8192,2325,40,7Black Dye,0,11, 0,15732,1.00,250,295,0,,,,,,,,1000,,,,,,,,,,,,,,,,,,,,,,,,,,,,
7,8192,21277,60,7Tranquil Mechanical Yeti,0,3, 0,34050,1.00,1250,318,0,,,,,,,,,,,,,,,,,,,,,,,,,,,,,,,,,,,,
,,,,,,2, 0,6378,1.00,300,326,0,,,,27,60000,,,,,700,Pearl Diving,5,705}],,,,,,3,0,,,,,,,,,,,,,,,,
7,8192,4852,37,7Flash Bomb,0,,,,,,,0,,,,27,,,,,,,Flash Bomb,6,8243,,[c,inv_misc_ammo_bullet_01,202,,,,,,,,,,,,,,,,,,,
7,8192,22203,1,7Large Obsidian Shard,0,7, 0,20769,1.00,5000,332,0,,,,,,,,,5,,,,,,,,,,,,,,,,,,,,,,,,,,,
7,8192,16005,57,7Dark Iron Bomb,0,2, 0,7626,1.00,1250,334,0,,,,,60000,202,285,,,,,,,,,,,,,,,,,,,,,,,,,,,,,
7,8192,6986,40,8Crimson Lotus,0,0, 0,19495,1.00,50,342,0,true,,,,,,,,,49,,,,,,,,,,,,,,,,,,,,,,,,,,
7,8192,5173,30,7Deathweed,0,0, 0,7328,1.00,25,346,0,,8,8,,,,,100,,,,,,,,,,,,,,,,,,,,,,,,,,,,
7,8192,11135,35,6Greater Mystic Essence,0,0, 0,20795,1.00,,360,0,,,,,,,,,,2842,,,,,,,,,,,,,,,,,,,,,,,,,,
7,8192,6714,25,7Ez-Thro Dynamite,0,2, 0,18062,1.00,75,361,0,,,,10,60000,,,,,1310,,,,,,,,,,,,,,,,,,,,,,,,,,
7,8192,4233,20,7Cured Medium Hide,0,6, 0,7112,1.00,200,365,0,,,,,,,,,,577,,,,,,,,,,,,,,,,,,,,,,,,,,
7,8192,3164,1,7Discolored Worg Heart,0,11, 0,7357,1.00,33,366,0,,,,,,,,,,88,,,,,,,,,,,,,,,,,,,,,,,,,,
7,8192,3576,20,7Tin Bar,0,7, 0,18086,1.00,35,366,0,,,,,,,,,,132,,,,,,,,,,,,,,,,,,,,,,,,,,
7,8192,4655,35,7Giant Clam Meat,0,8, 0,22193,1.00,71,377,0,,,,,,,,,,221,,,,,,,,,,,,,,,,,,,,,,,,,,
7,8192,4391,35,7Compact Harvest Reaper Kit,0,3, 0,21652,1.00,4000,383,0,,,,30,600000,202,175,,,1666,,,,,,,,,,,,,,,,,,,,,,,,,,
7,8192,4231,10,7Cured Light Hide,0,6, 0,5086,1.00,110,388,0,,,,,,,,,,129,,,,,,,,,,,,,,,,,,,,,,,,,,
7,8192,10647,50,7Engineer's Ink,0,0, 0,17883,1.00,500,390,0,,,,,,,,2000,,,,,,,,,,,,,,,,,,,,,,,,,,,,
7,8192,22682,80,5Frozen Rune,0,11, 0,35465,1.00,20000,399,0,,,,60,180000,,,,6,,,,,,,,,,,,,,,,,,,,,,,,,,,
7,8192,6303,5,7Raw Slitherskin Mackerel,0,8, 0,24697,1.00,1,404,0,,,,1,1000,,,,,22,,,,,,,,,,,,,,,,,,,,,,,,,,
7,8192,2296,16,7Great Goretusk Snout,0,0, 0,10377,1.00,50,404,0,,,,,,,,,,108,,,,,,,,,,,,,,,,,,,,,,,,,,
7,8192,15870,30,6Golden Skeleton Key,0,0, 0,22477,1.00,300,404,0,,,,,,164,150,,,1159,,,,,,,,,,,,,,,,,,,,,,,,,,
7,8192,4357,5,7Rough Blasting Powder,0,1, 0,7137,1.00,4,423,0,,,,,,,,16,,9,,,,,,,,,,,,,,,,,,,,,,,,,,
7,8192,4395,39,7Goblin Land Mine,0,2, 0,7367,1.00,1600,424,0,,,,,60000,202,195,,,3000,,,,,,,,,,,,,,,,,,,,,,,,,,
7,8192,1080,15,7Tough Condor Meat,0,8, 0,25475,1.00,78,426,0,,,,,,,,,,1232,,,,,,,,,,,,,,,,,,,,,,,,,,
7,8192,4363,13,7Copper Modulator,0,1, 0,7839,1.00,50,434,0,,,,,,,,200,,82,,,,,,,,,,,,,,,,,,,,,,,,,,
7,8192,15872,55,6Arcanite Skeleton Key,0,0, 0,13885,1.00,625,437,0,,,,,,164,275,,,,,,,,,,,,,,,,,,,,,,,,,,,,,
7,8192,2996,10,7Bolt of Linen Cloth,0,5, 0,7331,1.00,40,453,0,,,,,,,,,,59,,,,,,,,,,,,,,,,,,,,,,,,,,
7,8192,5471,23,7Stag Meat,0,8, 0,7990,1.00,30,460,0,,,,,,,,,,105,,,,,,,,,,,,,,,,,,,,,,,,,,
7,8192,18567,60,7Elemental Flux,0,7, 0,30916,1.00,37500,471,0,,,,,,,,150000,,,,,,,,,,,,,,,,,,,,,,,,,,,,
7,8192,21024,60,7Chimaerok Tenderloin,0,8, 0,25472,1.00,,484,0,,,,,,,,,,,,,,,,,,,,,,,,,,,,,,,,,,,,
7,8192,5470,22,7Thunder Lizard Tail,0,8, 0,7989,1.00,28,490,0,,,,,,,,,,145,,,,,,,,,,,,,,,,,,,,,,,,,,
7,8192,2770,10,7Copper Ore,0,7, 0,4681,1.00,5,493,0,,,,,,,,,,107,,,,,,,,,,,,,,,,,,,,,,,,,,
7,8192,10648,40,7Blank Parchment,0,11, 0,7744,1.00,125,498,0,,,,,,,,500,,,,,,,,,,,,,,,,,,,,,,,,,,,,
7,8192,5469,10,7Strider Meat,0,8, 0,1116,1.00,9,505,0,,,,,,,,,,30,,,,,,,,,,,,,,,,,,,,,,,,,,
7,8192,11134,30,6Lesser Mystic Essence,0,0, 0,20794,1.00,,505,0,,,,,,,,,,1228,,,,,,,,,,,,,,,,,,,,,,,,,,
7,8192,2880,5,7Weak Flux,0,11, 0,7417,1.00,25,517,0,,,,,,,,100,,298,,,,,,,,,,,,,,,,,,,,,,,,,,
7,8192,4361,10,7Copper Tube,0,1, 0,18174,1.00,120,522,0,,,,,,,,480,,135,,,,,,,,,,,,,,,,,,,,,,,,,,
7,8192,5466,8,7Scorpid Stinger,0,8, 0,7987,1.00,8,527,0,,,,,,,,,,15,,,,,,,,,,,,,,,,,,,,,,,,,,
7,8192,4236,30,7Cured Heavy Hide,0,6, 0,3164,1.00,225,531,0,,,,,,,,,,878,,,,,,,,,,,,,,,,,,,,,,,,,,
7,8192,4359,8,7Handful of Copper Bolts,0,1, 0,10700,1.00,12,539,0,,,,,,,,,,53,,,,,,,,,,,,,,,,,,,,,,,,,,
7,8192,8924,30,7Dust of Deterioration,0,0, 0,6379,1.00,25,541,0,,8,8,,,,,100,,,,,,,,,,,,,,,,,,,,,,,,,,,,
7,8192,7286,1,7Black Whelp Scale,0,6, 0,6646,1.00,25,543,0,,,,,,,,,,24,,,,,,,,,,,,,,,,,,,,,,,,,,
7,8192,4388,32,7Discombobulator Ray,0,3, 0,7358,1.00,1000,545,0,,,,,60000,,160,,,20000,,,,,,,,,,,-40,-40,-40,-40,-40,-40,,,,,,,,,,
7,8192,2675,13,7Crawler Claw,0,8, 0,8743,1.00,11,549,0,,,,,,,,,,54,,,,,,,,,,,,,,,,,,,,,,,,,,
7,8192,2678,5,7Mild Spices,0,11, 0,1443,1.00,,553,0,,,,,,,,10,,1,,,,,,,,,,,,,,,,,,,,,,,,,,
7,8192,4232,20,7Medium Hide,0,6, 0,21463,1.00,125,557,0,,,,,,,,,,365,,,,,,,,,,,,,,,,,,,,,,,,,,
7,8192,729,10,7Stringy Vulture Meat,0,8, 0,7407,1.00,17,568,0,,,,,,,,,,59,,,,,,,,,,,,,,,,,,,,,,,,,,
7,8192,2840,10,7Copper Bar,0,7, 0,7391,1.00,10,571,0,,,,,,,,,,106,,,,,,,,,,,,,,,,,,,,,,,,,,
7,8192,3730,21,7Big Bear Meat,0,8, 0,6350,1.00,45,571,0,,,,,,,,,,107,,,,,,,,,,,,,,,,,,,,,,,,,,
7,8192,8959,55,7Raw Spinefin Halibut,0,8, 0,24718,1.00,160,572,0,,,,45,1000,,,,,1150,,,,,,,,,,,,,,,,,,,,,,,,,,
7,8192,4367,20,7Small Seaforium Charge,0,2, 0,6393,1.00,150,581,0,,,,,1000,202,100,,,2498,,,,,,,,,,,,,,,,,,,,,,,,,,
7,8192,4235,30,7Heavy Hide,0,6, 0,11164,1.00,200,582,0,,,,,,,,,,430,,,,,,,,,,,,,,,,,,,,,,,,,,
7,8192,4289,10,7Salt,0,6, 0,6396,1.00,12,586,0,,,,,,,,50,,235,,,,,,,,,,,,,,,,,,,,,,,,,,
7,8192,2447,5,7Peacebloom,0,9, 0,7396,1.00,10,588,0,,,,,,,,40,,12,,,,,,,,,,,,,,,,,,,,,,,,,,
7,8192,16040,60,7Arcane Bomb,0,2, 0,27453,1.00,4000,590,0,,,,,60000,202,300,,,150000,,,,,,,,,,,,,,,,,,,,,,,,,,
7,8192,15869,20,6Silver Skeleton Key,0,0, 0,8031,1.00,50,593,0,,,,,,164,100,,,200,,,,,,,,,,,,,,,,,,,,,,,,,,
7,8192,19441,1,7Huge Venom Sac,0,11, 0,5287,1.00,1500,600,0,,,,,,,,,,1540,,,,,,,,,,,,,,,,,,,,,,,,,,
7,8192,1274,1,7Hops,0,0, 0,6661,1.00,8,606,0,,,,,,,,,,25,,,,,,,,,,,,,,,,,,,,,,,,,,
7,8192,3371,1,7Empty Vial,0,11, 0,18077,1.00,1,613,0,,,,,,,,20,,20,,,,,,,,,,,,,,,,,,,,,,,,,,
7,8192,4384,30,7Explosive Sheep,0,2, 0,7361,1.00,1000,616,0,,,,,60000,202,150,,,3000,,,,,,,,,,,,,,,,,,,,,,,,,,
7,8192,15408,55,7Heavy Scorpid Scale,0,6, 0,568,1.00,500,625,0,,,,,,,,,,1180,,,,,,,,,,,,,,,,,,,,,,,,,,
7,8192,765,5,7Silverleaf,0,9, 0,18088,1.00,10,630,0,,,,,,,,40,,15,,,,,,,,,,,,,,,,,,,,,,,,,,
,,,,,,0, 0,26378,1.00,500,632,0,,,,,,,,,,1836,,,,618}],,,,,,,,,,,,,,,,,,,,,,
7,8192,15422,50,7Frostsaber Leather,0,,,,,,,0,,,,,,,,,,,,,,,[z,,,,,,,,,,,,,,,,,,,,,
7,8192,4394,43,7Big Iron Bomb,0,2, 0,7624,1.00,750,642,0,,,,,60000,202,190,,,3299,,,,,,,,,,,,,,,,,,,,,,,,,,
7,8192,5082,10,7Thin Kodo Leather,0,6, 0,7412,1.00,25,651,0,,,,,,,,,,67,,,,,,,,,,,,,,,,,,,,,,,,,,
7,8192,10998,20,6Lesser Astral Essence,0,0, 0,20610,1.00,,658,0,,,,,,,,,,1219,,,,,,,,,,,,,,,,,,,,,,,,,,
7,8192,11082,25,6Greater Astral Essence,0,0, 0,20613,1.00,,658,0,,,,,,,,,,2800,,,,,,,,,,,,,,,,,,,,,,,,,,
7,8192,5523,10,7Small Barnacled Clam,0,11, 0,7177,1.00,15,660,0,,,,,,,,,,,,,,,,,,,,,,,,,,,,,,,,,,,,
7,8192,1475,1,7Small Venom Sac,0,11, 0,6693,1.00,82,668,0,,,,,,,,,,93,,,,,,,,,,,,,,,,,,,,,,,,,,
7,8192,2776,25,6Gold Ore,0,7, 0,4681,1.00,500,676,0,,,,30,,,,,,1395,,,,,,,,,,,,,,,,,,,,,,,,,,
7,8192,10507,35,7Solid Dynamite,0,2, 0,18062,1.00,350,677,0,,,,,60000,202,175,,,2000,,,,,,,,,,,,,,,,,,,,,,,,,,
7,8192,1468,16,7Murloc Fin,0,8, 0,6697,1.00,28,684,0,,,,,,,,,,110,,,,,,,,,,,,,,,,,,,,,,,,,,
7,8192,15414,60,7Red Dragonscale,0,6, 0,26374,1.00,1500,697,0,,,,,,,,,,2600,,,,,,,,,,,,,,,,,,,,,,,,,,
7,8192,12206,40,7Tender Crab Meat,0,8, 0,22193,1.00,112,702,0,,,,,,,,,,300,,,,,,,,,,,,,,,,,,,,,,,,,,
7,8192,4382,29,7Bronze Framework,0,1, 0,20624,1.00,600,712,0,,,,,,,,2400,,1250,,,,,,,,,,,,,,,,,,,,,,,,,,
7,8192,4342,50,7Purple Dye,0,11, 0,6389,1.00,625,718,0,,,,,,,,2500,,,,,,,,,,,,,,,,,,,,,,,,,,,,
7,8192,2251,25,7Gooey Spider Leg,0,8, 0,7368,1.00,12,724,0,,,,,,,,,,67,,,,,,,,,,,,,,,,,,,,,,,,,,
7,8192,14343,50,5Small Brilliant Shard,0,12, 0,25054,1.00,,729,0,,,,,,,,,,5400,,,,,,,,,,,,,,,,,,,,,,,,,,
7,8192,11144,40,7Truesilver Rod,0,12, 0,21209,1.00,1000,741,0,,,,,,,,,,9899,,,,,,,,,,,,,,,,,5,2.00,,,,,,,,
7,8192,3172,10,7Boar Intestines,0,8, 0,7330,1.00,18,744,0,,,,,,,,,,17,,,,,,,,,,,,,,,,,,,,,,,,,,
7,8192,8172,40,7Cured Thick Hide,0,6, 0,7354,1.00,500,750,0,,,,,,,,,,1375,,,,,,,,,,,,,,,,,,,,,,,,,,
7,8192,15423,50,7Chimera Leather,0,0, 0,7374,1.00,500,754,0,,,,,,,,,,760,,,,,,,,,,,,,,,,,,,,,,,,,,
7,8192,3470,10,7Rough Grinding Stone,0,7, 0,24678,1.00,5,781,0,,,,,,,,,,20,,,,,,,,,,,,,,,,,,,,,,,,,,
7,8192,4364,15,7Coarse Blasting Powder,0,1, 0,6396,1.00,12,782,0,,,,,,,,48,,149,,,,,,,,,,,,,,,,,,,,,,,,,,
7,8192,10978,20,5Small Glimmering Shard,0,0, 0,20612,1.00,,784,0,,,,,,,,,,151,,,,,,,,,,,,,,,,,,,,,,,,,,
7,8192,4404,18,7Silver Contact,0,1, 0,7404,1.00,25,786,0,,,,,,,,100,,42,,,,,,,,,,,,,,,,,,,,,,,,,,
7,8192,20424,55,7Sandworm Meat,0,8, 0,22193,1.00,175,787,0,,,,,,,,,,1700,,,,,,,,,,,,,,,,,,,,,,,,,,
7,8192,2928,20,7Dust of Decay,0,0, 0,6371,1.00,5,795,0,,8,8,,,,,20,,15,,,,,,,,,,,,,,,,,,,,,,,,,,
7,8192,7966,35,7Solid Grinding Stone,0,7, 0,24681,1.00,200,797,0,,,,,,,,,,2400,,,,,,,,,,,,,,,,,,,,,,,,,,
7,8192,3486,25,7Heavy Grinding Stone,0,7, 0,24680,1.00,100,800,0,,,,,,,,,,1665,,,,,,,,,,,,,,,,,,,,,,,,,,
7,8192,18660,50,6World Enlarger,0,3, 0,31205,1.00,7500,809,0,,,,,3600000,202,250,,,,,,,,,,,,,,,,,,,,,,20219,,,,,,,
7,8192,6217,5,7Copper Rod,0,12, 0,21205,1.00,24,811,0,,,,,,,,124,,999,,,,,,,,,,,,,,,,,5,2.00,,,,,,,,
7,8192,4375,25,7Whirring Bronze Gizmo,0,1, 0,7840,1.00,115,817,0,,,,,,,,,,415,,,,,,,,,,,,,,,,,,,,,,,,,,
7,8192,10938,10,6Lesser Magic Essence,0,12, 0,20608,1.00,,830,0,,,,,,,,800,,481,,,,,,,,,,,,,,,,,,,,,,,,,,
7,8192,3864,40,6Citrine,0,0, 0,7339,1.00,800,834,0,true,,,,,,,,,998,,,,,,,,,,,,,,,,,,,,,,,,,,
7,8192,2934,5,7Ruined Leather Scraps,0,6, 0,7400,1.00,7,836,0,,,,,,,,,,6,,,,,,,,,,,,,,,,,,,,,,,,,,
7,8192,2771,20,7Tin Ore,0,7, 0,4690,1.00,25,836,0,,,,,,,,,,373,,,,,,,,,,,,,,,,,,,,,,,,,,
7,8192,8343,40,7Heavy Silken Thread,0,5, 0,12105,1.00,500,846,0,,,,,,,,2000,,9500,,,,,,,,,,,,,,,,,,,,,,,,,,
7,8192,16023,55,7Masterwork Target Dummy,0,3, 0,7913,1.00,10000,847,0,,,,,120000,202,275,,,,,,,,,,,,,,,,,,,,,,,,,,,,,
7,8192,18562,60,4Elementium Ore,0,7, 0,24673,1.00,100000,855,0,,,,,,,,,,,,,,,,,,,,,,,,,,,,,,,,,,,,
7,8192,5524,20,7Thick-shelled Clam,0,11, 0,16212,1.00,21,856,0,,,,,,,,,,,,,,,,,,,,,,,,,,,,,,,,,,,,
7,8192,18641,45,7Dense Dynamite,0,2, 0,18062,1.00,500,868,0,,,,,60000,202,250,,,5760,,,,,,,,,,,,,,,,,,,,,,,,,,
7,8192,11178,45,5Large Radiant Shard,0,0, 0,20902,1.00,,869,0,,,,,,,,,,23200,,,,,,,,,,,,,,,,,,,,,,,,,,
7,8192,8171,50,7Rugged Hide,0,6, 0,8794,1.00,500,872,0,,,,,,,,,,560,,,,,,,,,,,,,,,,,,,,,,,,,,
7,8192,2318,10,7Light Leather,0,6, 0,7382,1.00,15,874,0,,,,,,,,,,25,,,,,,,,,,,,,,,,,,,,,,,,,,
7,8192,10939,15,6Greater Magic Essence,0,12, 0,20609,1.00,,887,0,,,,,,,,,,1419,,,,,,,,,,,,,,,,,,,,,,,,,,
7,8192,3372,25,7Leaded Vial,0,11, 0,18077,1.00,10,890,0,,,,,,,,200,,200,,,,,,,,,,,,,,,,,,,,,,,,,,
7,8192,1015,19,7Lean Wolf Flank,0,8, 0,6348,1.00,24,892,0,,,,,,,,,,119,,,,,,,,,,,,,,,,,,,,,,,,,,
7,8192,4377,25,7Heavy Blasting Powder,0,1, 0,31325,1.00,150,908,0,,,,,,,,,,666,,,,,,,,,,,,,,,,,,,,,,,,,,
7,8192,10559,39,7Mithril Tube,0,1, 0,19487,1.00,750,916,0,,,,,,,,,,4200,,,,,,,,,,,,,,,,,,,,,,,,,,
7,8192,6291,5,7Raw Brilliant Smallfish,0,8, 0,18535,1.00,1,921,0,,,,1,1000,,,,,55,,,,,,,,,,,,,,,,,,,,,,,,,,
,,,,,,1, 0,7377,1.00,400,924,0,,,,,,,,,,1089,,,,33}],,,,,,,,,,,,,,,,-1,,,,,,
7,8192,4387,32,7Iron Strut,0,,,,,,,0,,,,,,,,,,,Iron Strut,6,3958,,[c,inv_spear_05,202,,,,,,,,,,,,,,,,,,,
7,8192,5785,35,7Thick Murloc Scale,0,6, 0,8914,1.00,500,930,0,,,,,,,,,,494,,,,,,,,,,,,,,,,,,,,,,,,,,
7,8192,2835,5,7Rough Stone,0,7, 0,4714,1.00,2,933,0,,,,,,,,,,15,,,,,,,,,,,,,,,,,,,,,,,,,,
7,8192,7911,40,6Truesilver Ore,0,7, 0,20657,1.00,500,933,0,,,,,,,,,,1384,,,,,,,,,,,,,,,,,,,,,,,,,,
7,8192,769,5,7Chunk of Boar Meat,0,8, 0,6348,1.00,3,935,0,,,,,,,,,,81,,,,,,,,,,,,,,,,,,,,,,,,,,
7,8192,4291,30,7Silken Thread,0,5, 0,12105,1.00,125,949,0,,,,,,,,500,,2000,,,,,,,,,,,,,,,,,,,,,,,,,,
7,8192,6889,5,7Small Egg,0,8, 0,18046,1.00,4,972,0,,,,,,,,,,59,,,,,,,,,,,,,,,,,,,,,,,,,,
7,8192,2673,10,7Coyote Meat,0,8, 0,25467,1.00,10,981,0,,,,,,,,,,140,,,,,,,,,,,,,,,,,,,,,,,,,,
7,8192,3860,40,7Mithril Bar,0,7, 0,20659,1.00,400,983,0,,,,,,,,,,1765,,,,,,,,,,,,,,,,,,,,,,,,,,
7,8192,13756,45,7Raw Summer Bass,0,8, 0,4813,1.00,9,988,0,,,,35,1000,,,,,690,,,,,,,,,,,,,,,,,,,,,,,,,,
7,8192,783,10,7Light Hide,0,6, 0,6687,1.00,50,992,0,,,,,,,,,,63,,,,,,,,,,,,,,,,,,,,,,,,,,
7,8192,1705,30,6Lesser Moonstone,0,0, 0,7380,1.00,600,996,0,true,,,,,,,,,698,,,,,,,,,,,,,,,,,,,,,,,,,,
7,8192,2672,5,7Stringy Wolf Meat,0,8, 0,6680,1.00,4,1002,0,,,,,,,,,,156,,,,,,,,,,,,,,,,,,,,,,,,,,
7,8192,4399,10,7Wooden Stock,0,1, 0,7375,1.00,50,1005,0,,,,,,,,200,,400000,,,,,,,,,,,,,,,,,,,,,,,,,,
7,8192,11174,40,6Lesser Nether Essence,0,0, 0,20895,1.00,,1028,0,,,,,,,,,,7684,,,,,,,,,,,,,,,,,,,,,,,,,,
7,8192,15415,50,7Blue Dragonscale,0,6, 0,26375,1.00,500,1038,0,,,,,,,,,,770,,,,,,,,,,,,,,,,,,,,,,,,,,
7,8192,10558,30,7Gold Power Core,0,1, 0,19477,1.00,250,1043,0,,,,,,,,,,735,,,,,,,,,,,,,,,,,,,,,,,,,,
7,8192,3173,11,7Bear Meat,0,8, 0,25466,1.00,15,1061,0,,,,,,,,,,84,,,,,,,,,,,,,,,,,,,,,,,,,,
7,8192,785,10,7Mageroyal,0,9, 0,7341,1.00,20,1070,0,,,,4,,,,80,,31,,,,,,,,,,,,,,,,,,,,,,,,,,
7,8192,6361,15,7Raw Rainbow Fin Albacore,0,8, 0,24709,1.00,2,1084,0,,,,5,1000,,,,,36,,,,,,,,,,,,,,,,,,,,,,,,,,
7,8192,19726,60,6Bloodvine,0,9, 0,18087,1.00,500,1088,0,,,,,,,,,4,,,,,,,,,,,,,,,,,,,,,,,,,,,
7,8192,2997,25,7Bolt of Woolen Cloth,0,5, 0,10044,1.00,100,1092,0,,,,,,,,,,412,,,,,,,,,,,,,,,,,,,,,,,,,,
7,8192,4366,17,7Target Dummy,0,3, 0,7918,1.00,75,1093,0,,,,,120000,202,85,,,950,,,,,,,,,,,,,,,,,,,,,,,,,,
7,8192,3478,20,7Coarse Grinding Stone,0,7, 0,24679,1.00,10,1093,0,,,,,,,,,,852,,,,,,,,,,,,,,,,,,,,,,,,,,
7,8192,2775,10,6Silver Ore,0,7, 0,18107,1.00,75,1101,0,,,,,,,,,,1591,,,,,,,,,,,,,,,,,,,,,,,,,,
7,8192,3575,30,7Iron Bar,0,7, 0,7376,1.00,200,1112,0,,,,,,,,,,886,,,,,,,,,,,,,,,,,,,,,,,,,,
7,8192,16202,50,6Lesser Eternal Essence,0,12, 0,26771,1.00,,1116,0,,,,,,,,,,11583,,,,,,,,,,,,,,,,,,,,,,,,,,
7,8192,16204,55,7Illusion Dust,0,12, 0,26773,1.00,,1121,0,,,,,,,,,,5979,,,,,,,,,,,,,,,,,,,,,,,,,,
7,8192,6289,15,7Raw Longjaw Mud Snapper,0,8, 0,24702,1.00,1,1129,0,,,,5,1000,,,,,13,,,,,,,,,,,,,,,,,,,,,,,,,,
7,8192,3731,23,7Lion Meat,0,8, 0,25466,1.00,55,1129,0,,,,,,,,,,220,,,,,,,,,,,,,,,,,,,,,,,,,,
7,8192,5465,5,7Small Spider Leg,0,8, 0,7345,1.00,3,1132,0,,,,,,,,,,6,,,,,,,,,,,,,,,,,,,,,,,,,,
7,8192,2321,20,7Fine Thread,0,5, 0,7363,1.00,25,1142,0,,,,,,,,100,,296,,,,,,,,,,,,,,,,,,,,,,,,,,
7,8192,5784,15,7Slimy Murloc Scale,0,6, 0,8913,1.00,75,1160,0,,,,,,,,,,78,,,,,,,,,,,,,,,,,,,,,,,,,,
7,8192,11083,25,7Soul Dust,0,0, 0,20614,1.00,,1166,0,,,,,,,,,,469,,,,,,,,,,,,,,,,,,,,,,,,,,
7,8192,2677,14,7Boar Ribs,0,8, 0,2473,1.00,15,1169,0,,,,,,,,,,142,,,,,,,,,,,,,,,,,,,,,,,,,,
7,8192,15871,40,6Truesilver Skeleton Key,0,0, 0,22071,1.00,625,1169,0,,,,,,164,200,,,3200,,,,,,,,,,,,,,,,,,,,,,,,,,
7,8192,6037,50,6Truesilver Bar,0,7, 0,20656,1.00,1250,1177,0,,,,,,,,,,1905,,,,,,,,,,,,,,,,,,,,,,,,,,
7,8192,2449,5,7Earthroot,0,9, 0,1464,1.00,20,1185,0,,,,4,,,,80,,34,,,,,,,,,,,,,,,,,,,,,,,,,,
7,8192,2605,15,7Green Dye,0,11, 0,6373,1.00,25,1188,0,,,,,,,,100,,685,,,,,,,,,,,,,,,,,,,,,,,,,,
7,8192,15993,52,7Thorium Grenade,0,2, 0,25482,1.00,1500,1194,0,,,,,60000,202,260,,,11200,,,,,,,,,,,,,,,,,,,,,,,,,,
,,,,,,7, 0,7355,1.00,100,1209,0,,,,,,,,,,670,Captain Sander's Hidden Treasure,5,140}],,,,,,40,0,,,,,,,,,,,,,,,,
7,8192,2842,10,6Silver Bar,0,,,,,,,0,,,,10,,,,,,,Smelt Silver,6,2658,,[c,inv_ingot_01,186,,,,,,,,,,,,,,,,,,,
7,8192,2674,13,7Crawler Meat,0,8, 0,22193,1.00,12,1213,0,,,,,,,,,,314,,,,,,,,,,,,,,,,,,,,,,,,,,
7,8192,3340,22,7Incendicite Ore,0,0, 0,7148,1.00,31,1217,0,,,,,,,,,,449,,,,,,,,,,,,,,,,,,,,,,,,,,
7,8192,3404,35,7Buzzard Wing,0,8, 0,7338,1.00,181,1227,0,,,,,,,,,,346,,,,,,,,,,,,,,,,,,,,,,,,,,
7,8192,10586,45,7The Big One,0,2, 0,7888,1.00,750,1242,0,,,,,60000,202,225,,,28973,,,,,,,,,,,,,,,,,,,,,,,,,,
7,8192,13758,45,7Raw Redgill,0,8, 0,4809,1.00,4,1244,0,,,,35,1000,,,,,45,,,,,,,,,,,,,,,,,,,,,,,,,,
7,8192,2589,5,7Linen Cloth,0,5, 0,7383,1.00,13,1252,0,true,,,,,,,,,27,,,,,,,,,,,,,,,,,,,,,,,,,,
7,8192,15412,50,7Green Dragonscale,0,6, 0,21363,1.00,500,1280,0,,,,,,,,,,539,,,,,,,,,,,,,,,,,,,,,,,,,,
7,8192,8152,40,7Flask of Big Mojo,0,0, 0,2533,1.00,500,1307,0,,,,,,,,,,559,,,,,,,,,,,,,,,,,,,,,,,,,,
7,8192,818,15,6Tigerseye,0,0, 0,7413,1.00,100,1309,0,,,,,,,,,,114,,,,,,,,,,,,,,,,,,,,,,,,,,
7,8192,1206,25,6Moss Agate,0,0, 0,7393,1.00,400,1315,0,true,,,,,,,,,860,,,,,,,,,,,,,,,,,,,,,,,,,,
7,8192,2838,25,7Heavy Stone,0,7, 0,4716,1.00,60,1326,0,,,,,,,,,,437,,,,,,,,,,,,,,,,,,,,,,,,,,
7,8192,12799,55,6Large Opal,0,0, 0,6496,1.00,7000,1330,0,,,,,,,,,,8800,,,,,,,,,,,,,,,,,,,,,,,,,,
7,8192,3174,10,7Spider Ichor,0,8, 0,6690,1.00,16,1332,0,,,,,,,,,,15,,,,,,,,,,,,,,,,,,,,,,,,,,
7,8192,11137,35,7Vision Dust,0,0, 0,20798,1.00,,1332,0,,,,,,,,,,1020,,,,,,,,,,,,,,,,,,,,,,,,,,
7,8192,3577,30,6Gold Bar,0,7, 0,7352,1.00,600,1344,0,,,,,,,,,,1070,,,,,,,,,,,,,,,,,,,,,,,,,,
7,8192,13889,55,7Raw Whitescale Salmon,0,8, 0,24719,1.00,5,1344,0,,,,45,1000,,,,,277,,,,,,,,,,,,,,,,,,,,,,,,,,
7,8192,12365,45,7Dense Stone,0,7, 0,23148,1.00,250,1346,0,,,,,,,,,,1030,,,,,,,,,,,,,,,,,,,,,,,,,,
7,8192,7909,45,6Aquamarine,0,0, 0,13496,1.00,1000,1348,0,true,,,,,,,,,1860,,,,,,,,,,,,,,,,,,,,,,,,,,
7,8192,16000,39,7Thorium Tube,0,1, 0,19481,1.00,3750,1351,0,,,,,,,,,,5000,,,,,,,,,,,,,,,,,,,,,,,,,,
7,8192,5503,14,7Clam Meat,0,8, 0,22193,1.00,16,1365,0,,,,,,,,,,128,,,,,,,,,,,,,,,,,,,,,,,,,,
7,8192,12364,60,6Huge Emerald,0,0, 0,6851,1.00,10000,1387,0,,,,,,,,,,12675,,,,,,,,,,,,,,,,,,,,,,,,,,
7,8192,3667,23,7Tender Crocolisk Meat,0,8, 0,6350,1.00,25,1399,0,,,,,,,,,,58,,,,,,,,,,,,,,,,,,,,,,,,,,
7,8192,2320,5,7Coarse Thread,0,5, 0,4752,1.00,2,1402,0,,,,,,,,10,,44,,,,,,,,,,,,,,,,,,,,,,,,,,
7,8192,9719,38,5Broken Blade of Heroes,0,11, 0,13488,1.00,6250,1408,0,,,,,,164,190,,,19500,,,,,,,,,,,,,,,,,,2.20,,,50,37,0,19.77,,
7,8192,1288,1,7Large Venom Sac,0,11, 0,4826,1.00,185,1411,0,,,,,,,,,,214,,,,,,,,,,,,,,,,,,,,,,,,,,
7,8192,12184,30,7Raptor Flesh,0,8, 0,25467,1.00,87,1430,0,,,,,,,,,,207,,,,,,,,,,,,,,,,,,,,,,,,,,
7,8192,3355,22,7Wild Steelbloom,0,9, 0,6524,1.00,50,1432,0,,,,,,,,200,,480,,,,,,,,,,,,,,,,,,,,,,,,,,
7,8192,2453,20,7Bruiseweed,0,9, 0,7337,1.00,25,1438,0,,,,,,,,100,,51,,,,,,,,,,,,,,,,,,,,,,,,,,
7,8192,8925,35,7Crystal Vial,0,11, 0,18077,1.00,125,1469,0,,,,,,,,2500,,740,,,,,,,,,,,,,,,,,,,,,,,,,,
7,8192,10498,35,7Gyromatic Micro-Adjustor,0,1, 0,19394,1.00,16,1473,0,,,,1,,,,,,7700,,,,,,,,,,,,,,,,,5,2.00,,,,,,,,
7,8192,4337,35,7Thick Spider's Silk,0,5, 0,18597,1.00,750,1483,0,,,,,,,,,,785,,,,,,,,,,,,,,,,,,,,,,,,,,
7,8192,1529,35,6Jade,0,0, 0,1262,1.00,700,1497,0,true,,,30,,,,,,1443,,,,,,,,,,,,,,,,,,,,,,,,,,
7,8192,4390,35,7Iron Grenade,0,2, 0,25482,1.00,500,1534,0,,,,,60000,202,175,,,1095,,,,,,,,,,,,,,,,,,,,,,,,,,
7,8192,6362,35,7Raw Rockscale Cod,0,8, 0,4823,1.00,4,1552,0,,,,25,1000,,,,,19,,,,,,,,,,,,,,,,,,,,,,,,,,
7,8192,2772,30,7Iron Ore,0,7, 0,4689,1.00,150,1557,0,,,,,,,,,,748,,,,,,,,,,,,,,,,,,,,,,,,,,
7,8192,3712,30,7Turtle Meat,0,8, 0,25472,1.00,87,1559,0,,,,,,,,,,240,,,,,,,,,,,,,,,,,,,,,,,,,,
7,8192,12644,45,7Dense Grinding Stone,0,7, 0,24682,1.00,200,1572,0,,,,,,,,,,7499,,,,,,,,,,,,,,,,,,,,,,,,,,
7,8192,15419,50,7Warbear Leather,0,6, 0,7170,1.00,600,1608,0,,,,,,,,,,2600,,,,,,,,,,,,,,,,,,,,,,,,,,
7,8192,1210,20,6Shadowgem,0,0, 0,7401,1.00,250,1611,0,true,,,,,,,,,238,,,,,,,,,,,,,,,,,,,,,,,,,,
7,8192,15992,50,7Dense Blasting Powder,0,1, 0,6379,1.00,250,1618,0,,,,,,,,,,2400,,,,,,,,,,,,,,,,,,,,,,,,,,
7,8192,11128,30,7Golden Rod,0,12, 0,21206,1.00,500,1627,0,,,,,,,,,,5000,,,,,,,,,,,,,,,,,5,2.00,,,,,,,,
7,8192,3858,40,7Mithril Ore,0,7, 0,20661,1.00,250,1644,0,,,,32,,,,,,1401,,,,,,,,,,,,,,,,,,,,,,,,,,
7,8192,5498,15,6Small Lustrous Pearl,0,0, 0,12309,1.00,200,1683,0,,,,,,,,,,208,,,,,,,,,,,,,,,,,,,,,,,,,,
7,8192,730,11,7Murloc Eye,0,8, 0,7394,1.00,16,1693,0,,,,,,,,,,15,,,,,,,,,,,,,,,,,,,,,,,,,,
7,8192,13888,55,7Darkclaw Lobster,0,8, 0,24629,1.00,12,1700,0,,,,45,1000,,,,,349,,,,,,,,,,,,,,,,,,,,,,,,,,
7,8192,3859,35,7Steel Bar,0,7, 0,7392,1.00,60,1716,0,,,,,,,,,,1740,,,,,,,,,,,,,,,,,,,,,,,,,,
,,,,,,6, 0,20914,1.00,5000,1716,0,,,,,,,,,1,208000,Onyxia,1,10184,2159}],,,,,,,,,,,,,,,,,,,,,1,
7,8192,15410,60,5Scale of Onyxia,0,,,,,,,0,,,,,,,,,,,Onyxia,1,10184,2159,[bd,,,,,,,,,,,,,,,,,,,,,
7,8192,18594,55,7Powerful Seaforium Charge,0,2, 0,30999,1.00,3000,1719,0,,,,,1000,202,275,,,62500,,,,,,,,,,,,,,,,,,,,,,,,,,
7,8192,732,9,7Okra,0,0, 0,7395,1.00,6,1740,0,,,,,,,,,,5,,,,,,,,,,,,,,,,,,,,,,,,,,
7,8192,4305,35,7Bolt of Silk Cloth,0,5, 0,7333,1.00,600,1746,0,,,,,,,,,,962,,,,,,,,,,,,,,,,,,,,,,,,,,
7,8192,7075,45,7Core of Earth,0,10, 0,8560,1.00,400,1746,0,,,,,,,,,,875,,,,,,,,,,,,,,,,,,,,,,,,,,
7,8192,3358,37,7Khadgar's Whisker,0,9, 0,6661,1.00,175,1759,0,,,,,,,,,,315,,,,,,,,,,,,,,,,,,,,,,,,,,
7,8192,3685,22,7Raptor Egg,0,8, 0,18050,1.00,71,1761,0,,,,,,,,,,101,,,,,,,,,,,,,,,,,,,,,,,,,,
7,8192,12804,55,7Powerful Mojo,0,11, 0,23286,1.00,2000,1791,0,,,,,,,,,,2298,,,,,,,,,,,,,,,,,,,,,,,,,,
7,8192,8368,40,7Thick Wolfhide,0,0, 0,21470,1.00,1000,1796,0,,,,,,,,,,1200,,,,,,,,,,,,,,,,,,,,,,,,,,
7,8192,12202,30,7Tiger Meat,0,8, 0,2599,1.00,87,1797,0,,,,,,,,,,388,,,,,,,,,,,,,,,,,,,,,,,,,,
7,8192,11176,45,7Dream Dust,0,0, 0,20899,1.00,,1805,0,,,,,,,,,,2650,,,,,,,,,,,,,,,,,,,,,,,,,,
7,8192,7392,1,7Green Whelp Scale,0,6, 0,6646,1.00,200,1811,0,,,,,,,,,,994,,,,,,,,,,,,,,,,,,,,,,,,,,
7,8192,814,1,7Flask of Oil,0,0, 0,18084,1.00,25,1818,0,,,,,,,,,,32,,,,,,,,,,,,,,,,,,,,,,,,,,
7,8192,10505,35,7Solid Blasting Powder,0,1, 0,31324,1.00,250,1857,0,,,,,,,,,,1455,,,,,,,,,,,,,,,,,,,,,,,,,,
7,8192,5833,1,7Indurium Ore,0,0, 0,9116,1.00,,1884,0,,,,,,,,,,127,,,,,,,,,,,,,,,,,,,,,,,,,,
7,8192,1081,15,7Crisp Spider Meat,0,0, 0,7345,1.00,50,1887,0,,,,,,,,,,48,,,,,,,,,,,,,,,,,,,,,,,,,,
7,8192,13754,45,7Raw Glossy Mightfish,0,8, 0,7176,1.00,6,1894,0,,,,35,1000,,,,,100,,,,,,,,,,,,,,,,,,,,,,,,,,
7,8192,7428,30,7Shadowcat Hide,0,0, 0,26371,1.00,250,1920,0,,,,,,,,,,439,,,,,,,,,,,,,,,,,,,,,,,,,,
7,8192,3819,39,7Wintersbite,0,9, 0,7364,1.00,100,1920,0,,,,,,,,,,3199,,,,,,,,,,,,,,,,,,,,,,,,,,
7,8192,7069,25,7Elemental Air,0,10, 0,23755,1.00,400,1943,0,,,,,,,,,,891,,,,,,,,,,,,,,,,,,,,,,,,,,
7,8192,4392,37,7Advanced Target Dummy,0,3, 0,9151,1.00,2500,1946,0,,,,,120000,202,185,,,13496,,,,,,,,,,,,,,,,,,,,,,,,,,
7,8192,4461,30,7Raptor Hide,0,6, 0,7399,1.00,208,1947,0,,,,,,,,,,204,,,,,,,,,,,,,,,,,,,,,,,,,,
7,8192,14227,50,7Ironweb Spider Silk,0,5, 0,18597,1.00,2500,1949,0,,,,,,,,,,3297,,,,,,,,,,,,,,,,,,,,,,,,,,
7,8192,2841,20,7Bronze Bar,0,7, 0,7390,1.00,50,1953,0,,,,,,,,,,170,,,,,,,,,,,,,,,,,,,,,,,,,,
7,8192,5504,23,7Tangy Clam Meat,0,8, 0,22193,1.00,22,1972,0,,,,,,,,,,93,,,,,,,,,,,,,,,,,,,,,,,,,,
7,8192,7081,45,7Breath of Wind,0,10, 0,13687,1.00,400,1981,0,,,,,,,,,,1515,,,,,,,,,,,,,,,,,,,,,,,,,,
7,8192,12208,40,7Tender Wolf Meat,0,8, 0,2599,1.00,150,2000,0,,,,,,,,,1,452,,,,,,,,,,,,,,,,,,,,,,,,,,
7,8192,2319,20,7Medium Leather,0,6, 0,7388,1.00,50,2001,0,,,,,,,,,,81,,,,,,,,,,,,,,,,,,,,,,,,,,
7,8192,7912,35,7Solid Stone,0,7, 0,4719,1.00,100,2024,0,,,,,,,,,1,436,,,,,,,,,,,,,,,,,,,,,,,,,,
7,8192,17771,60,3Elementium Bar,0,7, 0,29946,1.00,100000,2027,0,,,,,,,,,,,,,,,,,,,,,,,,,,,,,,,,,,,,
7,8192,5635,15,7Sharp Claw,0,11, 0,1496,1.00,45,2032,0,,,,,,,,,,60,,,,,,,,,,,,,,,,,,,,,,,,,,
7,8192,3857,30,7Coal,0,7, 0,7340,1.00,125,2040,0,,,,,,,,500,,374,,,,,,,,,,,,,,,,,,,,,,,,,,
7,8192,774,7,6Malachite,0,0, 0,7353,1.00,15,2042,0,,,,,,,,,,23,,,,,,,,,,,,,,,,,,,,,,,,,,
7,8192,7910,50,6Star Ruby,0,0, 0,4777,1.00,5000,2058,0,true,,,,,,,,,5677,,,,,,,,,,,,,,,,,,,,,,,,,,
7,8192,13466,57,7Plaguebloom,0,9, 0,24693,1.00,250,2059,0,,,,,,,,,,2694,,,,,,,,,,,,,,,,,,,,,,,,,,
7,8192,11177,40,5Small Radiant Shard,0,0, 0,20901,1.00,,2077,0,,,,,,,,,,27056,,,,,,,,,,,,,,,,,,,,,,,,,,
7,8192,12205,40,7White Spider Meat,0,8, 0,22193,1.00,112,2098,0,,,,,,,,,,326,,,,,,,,,,,,,,,,,,,,,,,,,,
7,8192,11175,45,6Greater Nether Essence,0,0, 0,20896,1.00,,2111,0,,,,,,,,,,22715,,,,,,,,,,,,,,,,,,,,,,,,,,
7,8192,3369,24,7Grave Moss,0,9, 0,6396,1.00,25,2117,0,,,,,,,,,,833,,,,,,,,,,,,,,,,,,,,,,,,,,
7,8192,20725,60,4Nexus Crystal,0,0, 0,33448,1.00,,2183,0,,,,,,,,,,,,,,,,,,,,,,,,,,,,,,,,,,,,
7,8192,2836,15,7Coarse Stone,0,7, 0,4715,1.00,15,2192,0,,,,,,,,,,294,,,,,,,,,,,,,,,,,,,,,,,,,,
7,8192,10285,40,7Shadow Silk,0,5, 0,18597,1.00,1000,2211,0,,,,,,,,,,1174,,,,,,,,,,,,,,,,,,,,,,,,,,
7,8192,13464,52,7Golden Sansam,0,9, 0,24690,1.00,100,2267,0,,,,,,,,,,619,,,,,,,,,,,,,,,,,,,,,,,,,,
7,8192,2450,15,7Briarthorn,0,9, 0,7406,1.00,25,2303,0,,,,,,,,,,385,,,,,,,,,,,,,,,,,,,,,,,,,,
7,8192,5500,25,6Iridescent Pearl,0,0, 0,12310,1.00,750,2331,0,,,,,,,,,,2647,,,,,,,,,,,,,,,,,,,,,,,,,,
7,8192,4339,45,7Bolt of Mageweave,0,5, 0,7332,1.00,1250,2331,0,,,,,,,,,,2254,,,,,,,,,,,,,,,,,,,,,,,,,,
7,8192,17203,60,4Sulfuron Ingot,0,7, 0,29174,1.00,100000,2378,0,,,,,,,,,,4000000,,,,,,,,,,,,,,,,,,,,,,,,,,
,,,,,,1, 0,19479,1.00,1000,2389,0,,,,,,,,,,7700,Gnome Engineer's Renewal Gift,3,11423}],,,inv_misc_gift_05,,1,,,,,,,,,,,,,,,,,,
7,8192,10560,40,7Unstable Trigger,0,,,,,,,0,,,,,,,,,,,Unstable Trigger,6,12591,,[c,inv_battery_01,202,,,,,,,,,,,,,,,,,,,
7,8192,10620,40,7Thorium Ore,0,7, 0,20658,1.00,250,2407,0,,,,,,,,,,4599,,,,,,,,,,,,,,,,,,,,,,,,,,
7,8192,3356,24,7Kingsblood,0,9, 0,7346,1.00,30,2439,0,,,,,,,,120,,276,,,,,,,,,,,,,,,,,,,,,,,,,,
7,8192,9262,40,7Black Vitriol,0,11, 0,17957,1.00,1000,2441,0,,,,,,,,,,1940,,,,,,,,,,,,,,,,,,,,,,,,,,
7,8192,15846,50,7Salt Shaker,0,3, 0,18632,1.00,7500,2468,0,,,,,259200000,165,250,,,91110,,,,,,,,,,,,,,,,,,,,,,,,,,
7,8192,13467,58,7Icecap,0,9, 0,24691,1.00,250,2475,0,,,,,,,,,,2437,,,,,,,,,,,,,,,,,,,,,,,,,,
7,8192,2692,20,7Hot Spices,0,0, 0,1443,1.00,10,2508,0,,,,,,,,40,,30,,,,,,,,,,,,,,,,,,,,,,,,,,
7,8192,20520,55,6Dark Rune,0,11, 0,32905,1.00,2000,2523,0,,,,,120000,,,,,19799,,,,,,,,,,,,,,,,,,,,,,,,,,
7,8192,14344,55,5Large Brilliant Shard,0,12, 0,25055,1.00,,2527,0,,,,,,,,,,24590,,,,,,,,,,,,,,,,,,,,,,,,,,
7,8192,21071,20,7Raw Sagefish,0,8, 0,24719,1.00,25,2542,0,,,,10,1000,,,,,195,,,,,,,,,,,,,,,,,,,,,,,,,,
,,,,,,6, 0,8711,1.00,300,2547,0,,,,,,,,,1,617,Catch of the Day,5,5386}],,,,,,405,1,,,,,,,,,,,,,,,,
7,8192,4304,40,7Thick Leather,0,,,,,,,0,,,,32,,,,,,,Thick Leather,6,20650,,[c,inv_misc_leatherscrap_08,165,,,,,,,,,,,,,,,,,,,
7,8192,6338,20,7Silver Rod,0,12, 0,21208,1.00,125,2556,0,,,,,,,,,,611,,,,,,,,,,,,,,,,,5,2.00,,,,,,,,
7,8192,4625,41,7Firebloom,0,9, 0,19495,1.00,250,2567,0,,,,,,,,,,395,,,,,,,,,,,,,,,,,,,,,,,,,,
,,,,,,2, 0,25484,1.00,750,2569,0,,,,,60000,202,235,,,5100,Goblin Engineer's Renewal Gift,3,11422}],,,inv_misc_gift_04,,1,,,,,,,,,,,,,,,,,,
7,8192,10562,47,7Hi-Explosive Bomb,0,,,,,,,0,,,,,,,,,,,Hi-Explosive Bomb,6,12619,,[c,inv_misc_bomb_07,202,,,,,,,,,,,,,,,,,,,
7,8192,12037,30,7Mystery Meat,0,8, 0,25480,1.00,87,2578,0,,,,,,,,,,185,,,,,,,,,,,,,,,,,,,,,,,,,,
7,8192,7070,25,7Elemental Water,0,10, 0,4136,1.00,400,2589,0,,,,,,,,,,650,,,,,,,,,,,,,,,,,,,,,,,,,,
7,8192,11382,50,6Blood of the Mountain,0,0, 0,7051,1.00,750,2613,0,,,,,,,,,,139500,,,,,,,,,,,,,,,,,,,,,,,,,,
7,8192,3821,34,7Goldthorn,0,9, 0,19497,1.00,150,2656,0,,,,,,,,,,1212,,,,,,,,,,,,,,,,,,,,,,,,,,
7,8192,4398,40,7Large Seaforium Charge,0,2, 0,6393,1.00,900,2671,0,,,,,1000,202,200,,,18000,,,,,,,,,,,,,,,,,,,,,,,,,,
7,8192,6308,25,7Raw Bristle Whisker Catfish,0,8, 0,24710,1.00,2,2674,0,,,,15,1000,,,,,49,,,,,,,,,,,,,,,,,,,,,,,,,,
7,8192,18631,50,7Truesilver Transformer,0,1, 0,30995,1.00,3000,2749,0,,,,,,,,,,36003,,,,,,,,,,,,,,,,,,,,,,,,,,
7,8192,16006,58,7Delicate Arcanite Converter,0,1, 0,26618,1.00,10000,2768,0,,,,,,,,,,300000,,,,,,,,,,,,,,,,,,,,,,,,,,
7,8192,3357,30,7Liferoot,0,9, 0,7381,1.00,75,2813,0,,,,,,,,300,,218,,,,,,,,,,,,,,,,,,,,,,,,,,
7,8192,7971,40,6Black Pearl,0,0, 0,16209,1.00,1000,2821,0,,,,,,,,,,1445,,,,,,,,,,,,,,,,,,,,,,,,,,
7,8192,4371,21,7Bronze Tube,0,1, 0,19482,1.00,200,2880,0,,,,,,,,800,,807,,,,,,,,,,,,,,,,,,,,,,,,,,
,,,,,,6, 0,28842,1.00,1000,2903,0,,,,,,,,,,29839,,,,2717}],,,,,,,,,,,,,,,,,,,,,,
7,8192,17012,60,7Core Leather,0,,,,,,,0,,,,,,,,,,,,,,,[z,,,,,,,,,,,,,,,,,,,,,
7,8192,13760,45,7Raw Sunscale Salmon,0,8, 0,24716,1.00,10,2919,0,,,,35,1000,,,,,275,,,,,,,,,,,,,,,,,,,,,,,,,,
7,8192,8151,40,7Flask of Mojo,0,0, 0,1249,1.00,250,2929,0,,,,,,,,,,256,,,,,,,,,,,,,,,,,,,,,,,,,,
7,8192,11370,50,7Dark Iron Ore,0,7, 0,4691,1.00,500,2932,0,,,,,,,,,1,2399,,,,,,,,,,,,,,,,,,,,,,,,,,
7,8192,8831,42,7Purple Lotus,0,9, 0,19493,1.00,300,2966,0,,,,,,,,,,389,,,,,,,,,,,,,,,,,,,,,,,,,,
7,8192,5637,30,7Large Fang,0,11, 0,2460,1.00,75,2986,0,,,,,,,,,,370,,,,,,,,,,,,,,,,,,,,,,,,,,
7,8192,12359,50,7Thorium Bar,0,7, 0,22444,1.00,600,3034,0,,,,,,,,,,5624,,,,,,,,,,,,,,,,,,,,,,,,,,
7,8192,8167,35,7Turtle Scale,0,6, 0,21363,1.00,100,3038,0,,,,,,,,,,870,,,,,,,,,,,,,,,,,,,,,,,,,,
7,8192,8836,44,7Arthas' Tears,0,9, 0,19498,1.00,95,3044,0,,,,,,,,,,525,,,,,,,,,,,,,,,,,,,,,,,,,,
7,8192,12203,30,7Red Wolf Meat,0,8, 0,25466,1.00,87,3081,0,,,,,,,,,1,175,,,,,,,,,,,,,,,,,,,,,,,,,,
7,8192,3818,32,7Fadeleaf,0,9, 0,18169,1.00,125,3100,0,,,,,,,,,,698,,,,,,,,,,,,,,,,,,,,,,,,,,
7,8192,8150,40,7Deeprock Salt,0,6, 0,6396,1.00,250,3128,0,,,,,,,,,1,268,,,,,,,,,,,,,,,,,,,,,,,,,,
7,8192,8839,47,7Blindweed,0,9, 0,19496,1.00,375,3175,0,,,,,,,,,,2250,,,,,,,,,,,,,,,,,,,,,,,,,,
7,8192,16203,55,6Greater Eternal Essence,0,12, 0,26772,1.00,,3200,0,,,,,,,,,,33800,,,,,,,,,,,,,,,,,,,,,,,,,,
7,8192,11040,50,7Morrowgrain,0,0, 0,1442,1.00,1,3228,0,,,,,,,,,,3607,,,,,,,,,,,,,,,,,,,,,,,,,,
7,8192,2592,15,7Wool Cloth,0,5, 0,7418,1.00,33,3393,0,,,,,,,,,,136,,,,,,,,,,,,,,,,,,,,,,,,,,
7,8192,13465,56,7Mountain Silversage,0,9, 0,24692,1.00,150,3436,0,,,,,,,,,,5168,,,,,,,,,,,,,,,,,,,,,,,,,,
7,8192,18232,60,7Field Repair Bot 74A,0,3, 0,19503,1.00,10000,3459,0,,,,,,202,300,,,199999,,,,,,,,,,,,,,,,,,,,,,,,,,
7,8192,7077,45,7Heart of Fire,0,10, 0,21583,1.00,400,3500,0,,,,,,,,,,1525,,,,,,,,,,,,,,,,,,,,,,,,,,
7,8192,9210,49,7Ghost Dye,0,11, 0,9731,1.00,750,3599,0,,,,,,,,,,30000,,,,,,,,,,,,,,,,,,,,,,,,,,
7,8192,12808,55,6Essence of Undeath,0,10, 0,23291,1.00,1000,3612,0,,,,,,,,,,10993,,,,,,,,,,,,,,,,,,,,,,,,,,
7,8192,4234,30,7Heavy Leather,0,6, 0,7410,1.00,150,3667,0,,,,,,,,,,216,,,,,,,,,,,,,,,,,,,,,,,,,,
7,8192,16206,55,7Arcanite Rod,0,12, 0,26776,1.00,1000,3668,0,,,,,,,,,,1702500,,,,,,,,,,,,,,,,,5,2.00,,,,,,,,
7,8192,12361,55,6Blue Sapphire,0,0, 0,1659,1.00,7000,3681,0,,,,,,,,,,105000,,,,,,,,,,,,,,,,,,,,,,,,,,
7,8192,13463,54,7Dreamfoil,0,9, 0,24689,1.00,100,3729,0,,,,,,,,,,5425,,,,,,,,,,,,,,,,,,,,,,,,,,
7,8192,8165,45,7Worn Dragonscale,0,6, 0,22838,1.00,500,3806,0,,,,,,,,,,565,,,,,,,,,,,,,,,,,,,,,,,,,,
7,8192,15416,55,7Black Dragonscale,0,6, 0,20914,1.00,1000,3807,0,,,,,,,,,,8571,,,,,,,,,,,,,,,,,,,,,,,,,,
7,8192,12655,55,7Enchanted Thorium Bar,0,7, 0,22445,1.00,500,3810,0,,,,,,,,,,22500,,,,,,,,,,,,,,,,,,,,,,,,,,
7,8192,7972,45,7Ichor of Undeath,0,10, 0,16210,1.00,400,3906,0,,,,,,,,,,448,,,,,,,,,,,,,,,,,,,,,,,,,,
7,8192,12809,60,6Guardian Stone,0,7, 0,21072,1.00,10000,3910,0,,,,,,,,,,49800,,,,,,,,,,,,,,,,,,,,,,,,,,
7,8192,7079,45,7Globe of Water,0,10, 0,8025,1.00,400,3942,0,,,,,,,,,,664,,,,,,,,,,,,,,,,,,,,,,,,,,
7,8192,11371,50,7Dark Iron Bar,0,7, 0,7389,1.00,600,4047,0,,,,,,,,,,39400,,,,,,,,,,,,,,,,,,,,,,,,,,
7,8192,8170,50,7Rugged Leather,0,6, 0,16474,1.00,500,4056,0,,,,,,,,,1,797,,,,,,,,,,,,,,,,,,,,,,,,,,
7,8192,8146,45,7Wicked Claw,0,0, 0,3146,1.00,500,4091,0,,,,,,,,,,630,,,,,,,,,,,,,,,,,,,,,,,,,,
7,8192,8838,46,7Sungrass,0,9, 0,19492,1.00,60,4126,0,,,,,,,,,,1605,,,,,,,,,,,,,,,,,,,,,,,,,,
7,8192,3713,30,7Soothing Spices,0,0, 0,1443,1.00,40,4186,0,,,,,,,,160,,484,,,,,,,,,,,,,,,,,,,,,,,,,,
7,8192,8846,50,7Gromsblood,0,9, 0,19494,1.00,250,4237,0,,,,,,,,,,4545,,,,,,,,,,,,,,,,,,,,,,,,,,
7,8192,4338,40,7Mageweave Cloth,0,5, 0,7384,1.00,250,4274,0,true,,,32,,,,,,451,,,,,,,,,,,,,,,,,,,,,,,,,,
7,8192,3820,20,7Stranglekelp,0,9, 0,18089,1.00,100,4442,0,,,,,,,,,,422,,,,,,,,,,,,,,,,,,,,,,,,,,
7,8192,8154,45,7Scorpid Scale,0,6, 0,2874,1.00,250,4455,0,,,,,,,,,,885,,,,,,,,,,,,,,,,,,,,,,,,,,
7,8192,4306,30,7Silk Cloth,0,5, 0,7717,1.00,150,4498,0,true,,,,,,,,,196,,,,,,,,,,,,,,,,,,,,,,,,,,
7,8192,2452,15,7Swiftthistle,0,9, 0,7241,1.00,15,4517,0,,,,,,,,,,841,,,,,,,,,,,,,,,,,,,,,,,,,,
7,8192,10286,45,7Heart of the Wild,0,10, 0,18953,1.00,400,4538,0,,,,,,,,,,761,,,,,,,,,,,,,,,,,,,,,,,,,,
7,8192,12800,60,6Azerothian Diamond,0,0, 0,4775,1.00,10000,4551,0,,,,,,,,,,59400,,,,,,,,,,,,,,,,,,,,,,,,,,
7,8192,7067,25,7Elemental Earth,0,10, 0,13686,1.00,400,4572,0,,,,,,,,,,3350,,,,,,,,,,,,,,,,,,,,,,,,,,
7,8192,12810,55,7Enchanted Leather,0,6, 0,23292,1.00,500,4659,0,,,,,,,,,,18333,,,,,,,,,,,,,,,,,,,,,,,,,,
7,8192,4603,45,7Raw Spotted Yellowtail,0,8, 0,4811,1.00,4,4683,0,,,,35,1000,,,,,51,,,,,,,,,,,,,,,,,,,,,,,,,,
7,8192,15409,50,7Refined Deeprock Salt,0,6, 0,7127,1.00,1000,4692,0,,,,,,,,,,156000,,,,,,,,,,,,,,,,,,,,,,,,,,
7,8192,15994,52,7Thorium Widget,0,1, 0,26611,1.00,2500,4832,0,,,,,,,,,,10249,,,,,,,,,,,,,,,,,,,,,,,,,,
7,8192,10561,43,7Mithril Casing,0,1, 0,20620,1.00,1000,5009,0,,,,,,,,,,6900,,,,,,,,,,,,,,,,,,,,,,,,,,
7,8192,14341,50,7Rune Thread,0,5, 0,25048,1.00,1250,5138,0,,,,,,,,5000,,9461,,,,,,,,,,,,,,,,,,,,,,,,,,
7,8192,10646,41,7Goblin Sapper Charge,0,2, 0,20535,1.00,500,5174,0,,,,,300000,202,205,,,16500,,,,,,,,,,,,,,,,,,,,,,,,,,
7,8192,12207,45,7Giant Egg,0,8, 0,18052,1.00,150,5225,0,,,,,,,,,,1365,,,,,,,,,,,,,,,,,,,,,,,,,,
7,8192,14047,50,7Runecloth,0,5, 0,24897,1.00,400,5260,0,,,,,,,,,1,653,,,,,,,,,,,,,,,,,,,,,,,,,,
,,,,,,6, 0,21366,1.00,500,5292,0,,,,,,,,,,96050,,,,490}],,,,,,,,,,,,,,,,-1,,,,,,
7,8192,15417,50,7Devilsaur Leather,0,,,,,,,0,,,,,,,,,,,,,,490,[dd,,,,,,,,,,,,,,,,,,,,,
7,8192,21153,40,7Raw Greater Sagefish,0,8, 0,28622,1.00,125,5294,0,,,,30,1000,,,,,520,,,,,,,,,,,,,,,,,,,,,,,,,,
,,,,,,1, 0,7371,1.00,750,5326,0,,,,,,,,3000,,3526,,,,33}],,,,,,,,,,,,,,,,,,,,,,
7,8192,4389,34,7Gyrochronatom,0,,,,,,,0,,,,,,,,,,,Gyrochronatom,6,3961,,[c,inv_misc_pocketwatch_02,202,,,,,,,,,,,,,,,,,,,
7,8192,3182,20,7Spider's Silk,0,5, 0,18597,1.00,387,5383,0,,,,,,,,,,1789,,,,,,,,,,,,,,,,,,,,,,,,,,
7,8192,7076,55,6Essence of Earth,0,10, 0,23754,1.00,400,5670,0,,,,,,,,,,106500,,,,,,,,,,,,,,,,,,,,,,,,,,
7,8192,8365,35,7Raw Mithril Head Trout,0,8, 0,1208,1.00,4,5730,0,,,,25,1000,,,,,68,,,,,,,,,,,,,,,,,,,,,,,,,,
7,8192,12803,55,6Living Essence,0,10, 0,23285,1.00,500,5750,0,,,,,,,,,,34399,,,,,,,,,,,,,,,,,,,,,,,,,,
,,,,,,5, 0,24898,1.00,2000,5787,0,,,,,,,,,,3880,,,,357}],,,,,,,,,,,,,,,,-1,,,,,,
7,8192,14048,55,7Bolt of Runecloth,0,,,,,,,0,,,,,,,,,,,Bolt of Runecloth,6,18401,,[c,inv_fabric_purplefire_02,197,,,,,,,,,,,,,,,,,,,
7,8192,10940,10,7Strange Dust,0,12, 0,20611,1.00,,6164,0,,,,,,,,800,,127,,,,,,,,,,,,,,,,,,,,,,,,,,
7,8192,7974,45,7Zesty Clam Meat,0,8, 0,22193,1.00,50,6367,0,,,,,,,,,,116,,,,,,,,,,,,,,,,,,,,,,,,,,
7,8192,8153,40,7Wildvine,0,9, 0,7346,1.00,5,6371,0,,,,,,,,,,5795,,,,,,,,,,,,,,,,,,,,,,,,,,
,,,,,,10, 0,23284,1.00,400,6436,0,,,,,,,,,,101000,,,,1377}],,,,,,,,,,,,,,,,-1,,,,,,
7,8192,7082,55,6Essence of Air,0,,,,,,,0,,,,,,,,,,,Transmute,6,17562,,[c,spell_nature_earthbind,171,,,,,,,,,,,,,,,,,,,
7,8192,15407,50,7Cured Rugged Hide,0,6, 0,6660,1.00,500,6540,0,,,,,,,,,,179500,,,,,,,,,,,,,,,,,,,,,,,,,,
7,8192,7191,26,7Fused Wiring,0,1, 0,16367,1.00,,6689,0,,,,,,,,,,19000,,,,,,,,,,,,,,,,,,,,,,,,,,
7,8192,7078,55,6Essence of Fire,0,10, 0,23287,1.00,400,6692,0,,,,,,,,,,48000,,,,,,,,,,,,,,,,,,,,,,,,,,
7,8192,8845,47,7Ghost Mushroom,0,9, 0,17871,1.00,375,6800,0,,,,,,,,,,10295,,,,,,,,,,,,,,,,,,,,,,,,,,
7,8192,14342,55,7Mooncloth,0,5, 0,25052,1.00,4000,7207,0,,,,,,,,,,203997,,,,,,,,,,,,,,,,,,,,,,,,,,
7,8192,4402,25,7Small Flame Sac,0,11, 0,1438,1.00,250,7254,0,,,,,,,,,,3161,,,,,,,,,,,,,,,,,,,,,,,,,,
7,8192,12811,60,6Righteous Orb,0,11, 0,23293,1.00,20000,7480,0,,,,,,,,,,228900,,,,,,,,,,,,,,,,,,,,,,,,,,
7,8192,13468,60,6Black Lotus,0,9, 0,24688,1.00,1000,8080,0,,,,,,,,,,302000,,,,,,,,,,,,,,,,,,,,,,,,,,
7,8192,13926,40,6Golden Pearl,0,0, 0,24730,1.00,10000,8247,0,,,,,,,,,,100900,,,,,,,,,,,,,,,,,,,,,,,,,,
7,8192,7973,40,7Big-mouth Clam,0,11, 0,16211,1.00,46,8330,0,,,,,,,,,,,,,,,,,,,,,,,,,,,,,,,,,,,,
7,8192,12360,55,6Arcanite Bar,0,7, 0,14993,1.00,5000,9308,0,,,,,,,,,,494500,,,,,,,,,,,,,,,,,,,,,,,,,,
7,8192,12363,60,6Arcane Crystal,0,0, 0,18707,1.00,2000,9975,0,,,,,,,,,,402000,,,,,,,,,,,,,,,,,,,,,,,,,,
7,8192,14256,50,7Felcloth,0,5, 0,25028,1.00,2000,10310,0,,,,,,,,,,25447,,,,,,,,,,,,,,,,,,,,,,,,,,
7,8192,7068,25,7Elemental Fire,0,10, 0,20874,1.00,400,10533,0,,,,,,,,,,21170,,,,,,,,,,,,,,,,,,,,,,,,,,
7,8192,13759,45,7Raw Nightfin Snapper,0,8, 0,24713,1.00,10,11863,0,,,,35,1000,,,,,2277,,,,,,,,,,,,,,,,,,,,,,,,,,
7,8192,7080,55,6Essence of Water,0,10, 0,13689,1.00,400,14842,0,,,,,,,,,,132000,,,,,,,,,,,,,,,,,,,,,,,,,,
7,8192,7872,15,7Rusty Thieves' Tools,0,11, 0,7411,1.00,,8},1,,,,15,,,,,,,,,,,,,,,,,,,,,,,,,,,,,,,,1
7,8192,19727,60,5Blood Scythe,0,9, 0,32189,1.00,15000,332,1,,,,,,,,,,,,,,,,,,,,,,,,,,,,,,,,,,,,1
7,8192,11825,41,7Pet Bombling,0,3, 0,21833,1.00,2500,365,1,,,,,,,,,,,,,,,,,,,,,,,,,,,,,,,,,,,,
7,8192,6339,20,7Runed Silver Rod,0,12, 0,21208,1.00,24,482,1,,,,1,,,,,,,,,,,,,,,,,,,,,,,5,2.00,,,,,,,,
7,8192,6218,5,7Runed Copper Rod,0,12, 0,21207,1.00,24,532,1,,,,1,,,,,,,,,,,,,,,,,,,,,,,5,2.00,,,,,,,,
7,8192,11145,40,7Runed Truesilver Rod,0,12, 0,21209,1.00,1250,705,1,,,,,,,,,,,,,,,,,,,,,,,,,,,5,2.00,,,,,,,,
7,8192,11130,30,7Runed Golden Rod,0,12, 0,21206,1.00,500,727,1,,,,,,,,,,,,,,,,,,,,,,,,,,,5,2.00,,,,,,,,
7,8192,16207,58,7Runed Arcanite Rod,0,12, 0,26775,1.00,1250,731,1,,,,,,,,,,,,,,,,,,,,,,,,,,,5,2.00,,,,,,,,
7,8192,11826,41,7Lil' Smoky,0,3, 0,9730,1.00,2500,773,1,,,,,,,,,,,,,,,,,,,,,,,,,,,,,,,,,,,,
7,8192,5060,15,7Thieves' Tools,0,0, 0,7411,1.00,,1336,1,,,,15,,,,1500,,,,,,,,,,,,,,,,,,,,,,,,,,,,1
7,8192,17204,60,3Eye of Sulfuras,0,11, 0,29175,1.00,200000,1887,1,,,,,,,,,1,,,,,,,,,,,,,,,,,,,,,,,,,,,
7,8192,18240,1,6Ogre Tannin,0,11, 0,292,1.00,,2674,1,,,,,,,,,,,,,,,,,,,,,,,,,,,,,,,,,,,,
7,8192,9149,45,7Philosopher's Stone,0,0, 0,8025,1.00,250,3238,1,,,,,,,,,,,,,,,,,,,,,,,,,,,,,,,,,,,,
7,8192,12662,50,6Demonic Rune,0,11, 0,22952,1.00,600,5932,1,,,,,120000,,,,,,,,,,,,,,,,,,,,,,,,,,,,,,,
